email,bitcoin_address,credit_card_type,credit_card_number
rdrinanh@odnoklassniki.ru,1ErM8yuF3ytzzxLy1uPvQuRveLBygxN15x,china-unionpay,56022230876188334
wbamfordv@t-online.de,12sxmYnPcADAXw1YkxdapRsft2PwHZke7A,maestro,50387077934280351
swestallw@blinklist.com,1GZ7QB7GUFSWnkBHmsj4C4EZYMWni6BVn4,mastercard,5363176326162847
erosengrenx@usatoday.com,12o8zrHx6snCPbtkoD9im4ozBtNkHRjeRV,visa-electron,4175005704373695
dbuckthorpz@tmall.com,15X53Z9B9jUNrvFpbr7D554uSc5RL7Pnkg,diners-club-international,36423633151016
bbarham1p@wisc.edu,16qpYVt6YAAx4JYjzbA8SwTUHoTyB4twRF,jcb,3588039617015492
lbeavors1u@technorati.com,12ya1ED93ApPBQRSCuqiehip8KfPEzXYaj,bankcard,5602221992817208
fdresse1x@bloglines.com,1F8zXTEaf4AFpztMNzQZfo5NUreptaArTD,mastercard,5002358263037300
aeplate2i@webeden.co.uk,19MZSy1H8S4SaXsmSc3n7AaL2GxQkQkEZx,diners-club-carte-blanche,30305687886181
linfante2w@telegraph.co.uk,13j6FKzrLgumLUqeYH4baeY5qZgiwGW5UC,jcb,3538483164066576
rpartkya2z@cdc.gov,1RcsodKknm8thkCL6F4Vcmo7f4A7r6ydj,maestro,60456196938060083
mdory30@uiuc.edu,1HxV2jkyM3PXbsH4qGsVX3hwcAb4SMi4AD,jcb,3545361854853944
rswindle31@tmall.com,15cRJ4mzZd4Vgd33xbVjEtYw9c6f1WfGkC,china-unionpay,560225515023967200
wdarco3f@geocities.com,1CB7AdhTFBXmxuABm58yKmCmsvVqDjT9P1,maestro,67616834099829001
vnapthine3j@ning.com,16DbYq1KR8DVSQu5E9WU9ohuofBm5AHB2Q,diners-club-enroute,201907458198184
hheinecke4k@altervista.org,1KgbP1KXt5xs2sBLudwt7SZM14NZXN2yNd,jcb,3575508620928557
awissbey4w@geocities.jp,1AJzqEgbbFh2TNLFZrWp1XgCY16gQQ3pBe,americanexpress,374622279517220
etsar58@ovh.net,1PktCHyic9G4aZu15Dd3N1PUf45wW4MmFs,jcb,3538340392752619
igreated5d@live.com,12KTfvJwTfnJn3dFtZ8KaLycn5noXetTFo,jcb,3546110080774534
pvolette5g@ask.com,1Q6UV84patYXfzEdAabyanzRe4cpNHdfkC,diners-club-enroute,201687716411559
esurcombe5i@bigcartel.com,1GYuD7hkkRkCeVcx9tMXzQ1LwfAUcHUQfN,jcb,3573608384214319
hgolley6m@nydailynews.com,19KrAve717pGFqYLiQvw63yV3Ar6XabJhD,mastercard,5048373356271779
mbrewer6v@facebook.com,16WS73NGVmHfpuWqPkEjN9pirzG9qkgvPJ,americanexpress,374283392810230
jknowler72@nba.com,1JtjCw3Nj42ZPgeFkgFJAPcVCyvt4sMLPh,jcb,3573096075767565
lropartz84@meetup.com,1PJgSoTde2rSpfYRYpied1y35KVke7kvXo,jcb,3560675231284964
lmacaskie85@sina.com.cn,1DNGHS7oy3K38AnzdAUt8sDw2Dc4WWCj3e,maestro,67612873266111276
hmcpake87@bravesites.com,1A3rYCZeBfy1V1W3ypcfVdZm6TCU3TFkLv,jcb,3572498735220863
cantunez8a@booking.com,1C74dmFYGZiSzsZH6Lw41bWCu8U3mTvcth,diners-club-carte-blanche,30024213331048
calred91@ted.com,16tRkPChNu4RTqJ7tkZa52os2HZvh2hjif,americanexpress,337941526072920
mnurny94@wikia.com,18nNxGMaqhqrt4sZs5h3fQDDLpJL5wopFy,solo,633485725371257407
tcosten9k@unc.edu,17AGnU1HVmvAt8gwZ4PoF8bGiPS4ARbRxi,jcb,3529003303335087
wochterlonie9t@ebay.com,16Q23WzZFnnADqSq9z2oRDJZE7SJ2bFHrS,diners-club-carte-blanche,30405887535891
bdebeauchemp9z@imageshack.us,1DTzwp1kZCBx9FED2678d5g5ArrefirrXW,laser,67097048897749109
mmaghulla6@dmoz.org,1FCv1LeZu798EhajuFMZg49zb5D7KTMZWE,mastercard,5002356327989391
tjahnelai@bbb.org,1HZN5ZVgPqK1iVLKVMxH658kZ3pBDBcEw,jcb,3572421543580211
lblydeat@senate.gov,1FpFASo8TTHYuefzybjiNyDfuaFmBGoGwn,jcb,3547248774351349
jwhitbreadb9@accuweather.com,1BbeY2TE3u7ARieG5FKuSZzbLFHyBkFoQF,americanexpress,374283856151303
jgammonsbh@goo.ne.jp,14mRf7cFYsFjerWYsVWEvGN2zRM7tsLVpT,jcb,3551724694519119
pomannionc3@yandex.ru,1xVt3FxfHQvzXPhXVp6VRSEydUUVzRWK7,laser,6771271447166332
awarringtonch@sogou.com,15wYxjYgszjPnSwa4b3nvkdLfdBMTprQ9y,mastercard,5007668666481854
nfitzalanct@japanpost.jp,13FaRnAGPb53jC6cw4dQF5qM8XTGRWrY6s,americanexpress,374288458415469
aanderercy@ameblo.jp,1HHBi9Yt592V74bU5PihuSGekNhGzNGaAw,solo,6334824468459661
vclarisdd@aol.com,1477584qcLw6e2TntjCVBXJAwnS5tUTQJb,visa-electron,4405875597637592
hpechdh@blogs.com,1CUeR37xJkVY9jVoAh9UYJc4c85RpnNcmD,diners-club-enroute,201550595799108
csaltsbergere3@netlog.com,1N4UFev4krTiWmC1Sbygy1NdxrJxMDsm6D,switch,675954161233512792
fcicceralee8@vk.com,18zM2XeTncgJJTm14LDhWbMeUE3nvA8NoD,jcb,3542836366572598
meliee9@angelfire.com,191c14CjzgK9DZGE9viRPMyGDqhc2oR46F,mastercard,5157755930300354
chardikereo@posterous.com,14TyQs6ta2MhC2erewxosQTjmrvn2P4Gzo,jcb,3545087166536329
lfeatherstonehaughf7@dagondesign.com,1482bkXGupDD66ypoGjdVuewXr3BaK51fE,switch,5641828546046549
ccolqueteg0@jiathis.com,12EgsYruxuyrwHi6bDC9FXqzGAmuUawHKH,jcb,3548838530995071
lsneezumg5@virginia.edu,18rq3Gymm7G1gaSLarTBvigCCd1UAmWQP7,mastercard,5302169147139056
pkynclgo@miibeian.gov.cn,14GghoTqBDngp1V9PjrdPakZnNZi8VZ8F6,jcb,3573360303922594
kcahengs@bloglines.com,1EMUu7w62n5GzRTZ4ZGTUKMwLppUyrD2Pw,visa,4102966928608
dgwilth3@mapquest.com,1H168tEGqoEeeNDaWmNjyEiubqTz3ZdoKG,jcb,3531123132688682
mhainsh8@parallels.com,1MdkbruxnQR61UYstTpKsoqP3fUziVQwei,switch,6759118450109830
edaenshe@si.edu,1HBMpsqrFAcMedVt1kUwzvxjtVcExbiAdV,mastercard,5503684042149817
ccasseldinehf@kickstarter.com,14EWQTXkWhfiQKkKn5JuD5h3EqzLatXbsQ,jcb,3546039986140658
penglishhu@google.com.hk,1BqmYwtSwbG8qWUJyqn8TQPB4pWXAx3jMa,jcb,3560127148921304
gshirdi7@baidu.com,1PUPePBi6wUMGZomfTqcXojjwYQk7Ha2cu,mastercard,5100144675124048
rklampig@mapquest.com,12SF66BTEEAYca9V2JFcty3WmsSksTTsSN,jcb,3587306946862758
bkidstounj6@senate.gov,1BMrJy7Ac4pAyq8ciBFfGhATAgcHXaPb6P,jcb,3559580753646579
nwhittersjg@networkadvertising.org,1Jb4hNfMJy5g4hPtT8kQQ4bbhGdwTbnmjp,jcb,3564293555632838
swaddilovejl@yahoo.com,1HHENRw3k9UaA8uVEKnT5dc46jaQcHwiLf,visa,4017950798140
cguesfordjq@blogs.com,1HsSjH6FpNqbFRckMitfzzPMvXiKHDDL3p,jcb,3535346715015819
sbarltropk5@cargocollective.com,13LecqUHZxxptc47RXRDcvhDgQHwxqTKVV,solo,676776283715110822
fdaulbykc@cocolog-nifty.com,1MJkvsA6ebFvXFasuJxZvfKNBReLTsA3Kr,jcb,3584242412547438
mbellenyks@salon.com,17qnQP62quZFAzU7QXFpHjMugPcFyoMXHm,bankcard,5602246403084288
callibandku@scribd.com,16pUgN3CTqFCLB2pmBSUjoxyZEreQu4AvB,jcb,3545166436011733
krangerky@apple.com,13MLLGGZBp6y24hg13bFA8org9qwwup2fK,americanexpress,337941563013399
sbathaml3@twitter.com,1PapZUVtXEaqD14JtSUhhZcPWR61aNK9kS,jcb,3570972152413732
afaulkesl9@narod.ru,1MMDugKsUTFEyrTGnoUQrcFCHARHkggVAw,diners-club-enroute,201497716172825
parrighettilh@sogou.com,1Myco7rqZBPkR5XdyfqkPot9aPPvJvFZS9,switch,491190688290327298
dillingsworthlo@geocities.com,16kmMSiv2d6K4VEat2VN1ifv3JhotXKMK6,jcb,3554759803507651
mdenajerals@sourceforge.net,12N2XC2Mxzu6eLd2CTQkS8NKtdYTXvr2kS,switch,6331104008447394538
cbickelllv@cbc.ca,16DZD1xnSSbwAm1mbLYJSp56d7Z1TEofZD,maestro,67639182282802309
jhugninm5@ocn.ne.jp,15tgDNJrxLs78sVijcBeCriRURp24JDqB9,jcb,3588659994566328
rdoddma@slashdot.org,1Croxyx7soHCoDY5Q1ta5Wq9CuY7tK4aGV,mastercard,5100176099035483
pshortenmj@vimeo.com,1Mr6usqpuYeS431Vzycq8GpwuMCipdP3mw,jcb,3564767840482174
ydowningn8@fastcompany.com,1E7ZJuTeuSG8Sj4ocNWMymJLERfD1qDYA7,jcb,3528974329891298
omockettng@redcross.org,18UeESWffKqdqg23yfZfZcYAkPVT6cmuD6,laser,6706680305269998
rlampenj@istockphoto.com,1CMFYs2K4EyHecdw7Z3oT6a56iVaKG1bM5,visa,4017952851635164
pmazellanx@cocolog-nifty.com,1GcWp25A1odq7XCoG6HyiCJ2UYDREWrgVP,solo,633433757079878302
llamartinenz@kickstarter.com,13B25YDx2MSG2sUietvwkxzpov4XpDjqwC,jcb,3534782266209776
lmcgillivrieo8@columbia.edu,1N75fjtmFdQJmMpacg4oUdt7cWYJXpdKD1,china-unionpay,5602240167509607193
pfenechog@de.vu,16y7pXoKxg3WrBumhLPq3JoTjhCNtCgEMq,solo,6767503897339639
mcicconeot@mac.com,1HTBF19dSGssNoC8VWcv3BWbBpi7jYvEZd,switch,493618734190766811
gtremeerp9@themeforest.net,15Bowgs1P3hPwXvhfLCQEftuDmXG5Rfz71,visa-electron,4917807039960176
qwellesleypd@forbes.com,16FJCTiriaZCgyfnWCiJnua1Bka3aBjgrt,jcb,3562259443111295
jbootlandpn@nbcnews.com,1GxYQAdNCqqnxJckfxnMapSaXrD7ktkHFv,diners-club-enroute,201838717478796
cmulvanypr@etsy.com,16J36sqG4rFfabKcwBoxApRuEQUT3T9JPg,china-unionpay,560221279598963318
dcrepinq5@wisc.edu,1JK5tVtebu1Dd2gAXcTaS1UCB5BMGijuqa,jcb,3544422454592257
jmuntqa@scribd.com,1BJQYwAftZ3UJJpRAERDCcgAkrUZNH6D7g,visa-electron,4508381654573412
cgomerqf@a8.net,18xzobimRTpaiVjfBajSGaG7JpZeGjzfug,mastercard,5393466986252937
rizkovitzqh@thetimes.co.uk,1MQGXo6xCKnPkRfTyjUyrQ2b4DtxxgoKyG,jcb,3581603695822926
atartqr@miitbeian.gov.cn,1HWtSdZgMPTEdzHTAhmnAcFHf3MTasz7zE,diners-club-carte-blanche,30026161577720
lmacallesterqt@omniture.com,18Mxz7iRKxcGqUyYprSWBEHPpRc5HPdAKa,bankcard,5602248434421125
abambqz@alexa.com,1HkNSAP8Jm58DBiboFDsv916XJCYsfLrdg,jcb,3569745097260837
gschurcker8@army.mil,19158kwDCddVMpQPUKdLz33yfks1cKbKPE,diners-club-carte-blanche,30506835821141
btodeorb@discuz.net,1LCEj6JuVMjBt6wstfNCofLwWgsgm99NMZ,visa-electron,4026581346653851
cbossonsrn@skype.com,1DVbpgQBtf9ouzcCZoWmzLLXRXR56HMQva,jcb,3555115636578600
